{"id": "tshirt_basic", "vertex_stride": 3, "base_vertices": [-0.5175, 0.45, 0.0, -0.3105, 0.45, 0.008816778784387096, -0.10349999999999997, 0.45, 0.014265847744427303, 0.10349999999999997, 0.45, 0.014265847744427304, 0.31050000000000005, 0.45, 0.008816778784387098, 0.5175, 0.45, 1.8369701987210296e-18, -0.5120059574032809, 0.275, 0.0, -0.30720357444196855, 0.275, 0.0087448165676246, -0.10240119148065616, 0.275, 0.014149410431799798, 0.10240119148065616, 0.275, 0.0141494104317998, 0.3072035744419686, 0.275, 0.008744816567624603, 0.5120059574032809, 0.275, 1.821976917063482e-18, -0.5030011346630118, 0.10000000000000003, 0.0, -0.3018006807978071, 0.10000000000000003, 0.00831966453037095, -0.10060022693260233, 0.10000000000000003, 0.013461499985137128, 0.10060022693260233, 0.10000000000000003, 0.01346149998513713, 0.30180068079780714, 0.10000000000000003, 0.008319664530370951, 0.5030011346630118, 0.10000000000000003, 1.7333967630798656e-18, -0.49192228294013707, -0.07500000000000001, 0.0, -0.29515336976408224, -0.07500000000000001, 0.00730051223377607, -0.0983844565880274, -0.07500000000000001, 0.0118124769295341, 0.0983844565880274, -0.07500000000000001, 0.011812476929534101, 0.29515336976408235, -0.07500000000000001, 0.007300512233776071, 0.49192228294013707, -0.07500000000000001, 1.5210570364533872e-18, -0.47923726498122626, -0.24999999999999994, 0.0, -0.28754235898873576, -0.24999999999999994, 0.005546547810756169, -0.09584745299624524, -0.24999999999999994, 0.008974502878029802, 0.09584745299624524, -0.24999999999999994, 0.008974502878029804, 0.2875423589887358, -0.24999999999999994, 0.005546547810756171, 0.47923726498122626, -0.24999999999999994, 1.1556196750884837e-18, -0.4652062208564144, -0.4250000000000001, 0.0, -0.27912373251384864, -0.4250000000000001, 0.003055240890818888, -0.09304124417128286, -0.4250000000000001, 0.004943483605163467, 0.09304124417128286, -0.4250000000000001, 0.004943483605163468, 0.2791237325138487, -0.4250000000000001, 0.0030552408908188886, 0.4652062208564144, -0.4250000000000001, 6.365574779177514e-19, -0.45, -0.6000000000000001, 0.0, -0.27, -0.6000000000000001, 5.398719958544974e-19, -0.08999999999999998, -0.6000000000000001, 8.735312388668193e-19, 0.08999999999999998, -0.6000000000000001, 8.735312388668193e-19, 0.2700000000000001, -0.6000000000000001, 5.398719958544975e-19, 0.45, -0.6000000000000001, 1.124819836996393e-34], "indices": [0, 6, 1, 1, 6, 7, 1, 7, 2, 2, 7, 8, 2, 8, 3, 3, 8, 9, 3, 9, 4, 4, 9, 10, 4, 10, 5, 5, 10, 11, 6, 12, 7, 7, 12, 13, 7, 13, 8, 8, 13, 14, 8, 14, 9, 9, 14, 15, 9, 15, 10, 10, 15, 16, 10, 16, 11, 11, 16, 17, 12, 18, 13, 13, 18, 19, 13, 19, 14, 14, 19, 20, 14, 20, 15, 15, 20, 21, 15, 21, 16, 16, 21, 22, 16, 22, 17, 17, 22, 23, 18, 24, 19, 19, 24, 25, 19, 25, 20, 20, 25, 26, 20, 26, 21, 21, 26, 27, 21, 27, 22, 22, 27, 28, 22, 28, 23, 23, 28, 29, 24, 30, 25, 25, 30, 31, 25, 31, 26, 26, 31, 32, 26, 32, 27, 27, 32, 33, 27, 33, 28, 28, 33, 34, 28, 34, 29, 29, 34, 35, 30, 36, 31, 31, 36, 37, 31, 37, 32, 32, 37, 38, 32, 38, 33, 33, 38, 39, 33, 39, 34, 34, 39, 40, 34, 40, 35, 35, 40, 41], "components": [{"name": "drape", "vector": [0.0, -0.0, 0.0, 0.0, -0.0, 0.0, 0.0, -0.0, 0.0, 0.0, -0.0, 0.0, 0.0, -0.0, 0.0, 0.0, -0.0, 0.0, 0.0, -0.005697525655856848, 0.0, 0.0, -0.005697525655856848, 0.0013022915784815653, 0.0, -0.005697525655856848, 0.0026045831569631306, 0.0, -0.005697525655856848, 0.0026045831569631306, 0.0, -0.005697525655856848, 0.0013022915784815649, 0.0, -0.005697525655856848, 0.0, 0.0, -0.015035860349469268, 0.0, 0.0, -0.015035860349469268, 0.0034367680798786894, 0.0, -0.015035860349469268, 0.006873536159757379, 0.0, -0.015035860349469268, 0.006873536159757379, 0.0, -0.015035860349469268, 0.0034367680798786885, 0.0, -0.015035860349469268, 0.0, 0.0, -0.026525039913931972, 0.0, 0.0, -0.026525039913931972, 0.006062866266041593, 0.0, -0.026525039913931972, 0.012125732532083187, 0.0, -0.026525039913931972, 0.012125732532083187, 0.0, -0.026525039913931972, 0.006062866266041592, 0.0, -0.026525039913931972, 0.0, 0.0, -0.03967987335280238, 0.0, 0.0, -0.03967987335280238, 0.009069685337783401, 0.0, -0.03967987335280238, 0.018139370675566802, 0.0, -0.03967987335280238, 0.018139370675566802, 0.0, -0.03967987335280238, 0.0090696853377834, 0.0, -0.03967987335280238, 0.0, 0.0, -0.05423058577853329, 0.0, 0.0, -0.05423058577853329, 0.012395562463664751, 0.0, -0.05423058577853329, 0.024791124927329503, 0.0, -0.05423058577853329, 0.024791124927329503, 0.0, -0.05423058577853329, 0.012395562463664748, 0.0, -0.05423058577853329, 0.0, 0.0, -0.07, 0.0, 0.0, -0.07, 0.016, 0.0, -0.07, 0.032, 0.0, -0.07, 0.032, 0.0, -0.07, 0.015999999999999997, 0.0, -0.07, 0.0], "feature_weights": {"torso_length": 0.7, "arm_extension": 0.3}}, {"name": "wrinkle", "vector": [0.0, 0.0, 0.0, 0.0, 0.0, 0.0076084521303612295, 0.0, 0.0, -0.004702282018339784, 0.0, 0.0, -0.004702282018339787, 0.0, 0.0, 0.007608452130361229, 0.0, 0.0, 2.9391523179536477e-18, 0.0, 0.0, 0.0, 0.0, 0.0, 0.0030946362785060472, 0.0, 0.0, -0.0019125904029352223, 0.0, 0.0, -0.0019125904029352232, 0.0, 0.0, 0.003094636278506047, 0.0, 0.0, 1.1954609472929235e-18, 0.0, 0.0, -0.0, 0.0, 0.0, -0.005091048187440956, 0.0, 0.0, 0.0031464408182020555, 0.0, 0.0, 0.0031464408182020572, 0.0, 0.0, -0.005091048187440955, 0.0, 0.0, -1.966676772693368e-18, 0.0, 0.0, -0.0, 0.0, 0.0, -0.00723606797749979, 0.0, 0.0, 0.004472135954999579, 0.0, 0.0, 0.0044721359549995815, 0.0, 0.0, -0.007236067977499789, 0.0, 0.0, -2.7952999643738213e-18, 0.0, 0.0, -0.0, 0.0, 0.0, -0.0007952998090321627, 0.0, 0.0, 0.000491522313228177, 0.0, 0.0, 0.0004915223132281773, 0.0, 0.0, -0.0007952998090321626, 0.0, 0.0, -3.0722507510525606e-19, 0.0, 0.0, 0.0, 0.0, 0.0, 0.006589112828370658, 0.0, 0.0, -0.004072295683641017, 0.0, 0.0, -0.00407229568364102, 0.0, 0.0, 0.006589112828370657, 0.0, 0.0, 2.5453805729397767e-18, 0.0, 0.0, 0.0, 0.0, 0.0, 0.006155367074350504, 0.0, 0.0, -0.0038042260651806117, 0.0, 0.0, -0.003804226065180614, 0.0, 0.0, 0.006155367074350503, 0.0, 0.0, 2.3778241742810183e-18], "feature_weights": {"movement_intensity": 0.6, "arm_extension": 0.4}}, {"name": "occlusion_left", "vector": [-0.0, 0.0, -0.0, -0.0, 0.0, -0.004, -0.0, 0.0, -0.008, -0.0, 0.0, -0.008, -0.0, 0.0, -0.003999999999999999, -0.0, 0.0, -0.0, -0.0020348305913774458, 0.0, -0.0, -0.0016278644731019568, 0.0, -0.004, -0.0012208983548264672, 0.0, -0.008, -0.0008139322365509784, 0.0, -0.008, -0.00040696611827548905, 0.0, -0.003999999999999999, -0.0, 0.0, -0.0, -0.005369950124810452, 0.0, -0.0, -0.004295960099848363, 0.0, -0.004, -0.003221970074886271, 0.0, -0.008, -0.0021479800499241814, 0.0, -0.008, -0.0010739900249620903, 0.0, -0.003999999999999999, -0.0, 0.0, -0.0, -0.00947322854068999, 0.0, -0.0, -0.007578582832551992, 0.0, -0.004, -0.005683937124413993, 0.0, -0.008, -0.003789291416275996, 0.0, -0.008, -0.0018946457081379974, 0.0, -0.003999999999999999, -0.0, 0.0, -0.0, -0.014171383340286565, 0.0, -0.0, -0.011337106672229253, 0.0, -0.004, -0.008502830004171938, 0.0, -0.008, -0.005668553336114626, 0.0, -0.008, -0.0028342766680573123, 0.0, -0.003999999999999999, -0.0, 0.0, -0.0, -0.019368066349476173, 0.0, -0.0, -0.015494453079580943, 0.0, -0.004, -0.011620839809685703, 0.0, -0.008, -0.007747226539790471, 0.0, -0.008, -0.003873613269895234, 0.0, -0.003999999999999999, -0.0, 0.0, -0.0, -0.025, 0.0, -0.0, -0.020000000000000004, 0.0, -0.004, -0.015, 0.0, -0.008, -0.010000000000000002, 0.0, -0.008, -0.004999999999999999, 0.0, -0.003999999999999999, -0.0, 0.0, -0.0], "feature_weights": {"occlusion_left": 1.0}}, {"name": "occlusion_right",